<annotation>
	<folder>datasets</folder>
	<filename>a (84).jpg</filename>
	<path>D:\Project 2020\github repo\object detection keras pretrained mobilenet\datasets\a (84).jpg</path>
	<source>
		<database>Unknown</database>
	</source>
	<size>
		<width>224</width>
		<height>224</height>
		<depth>3</depth>
	</size>
	<segmented>0</segmented>
	<object>
		<name>star</name>
		<pose>Unspecified</pose>
		<truncated>0</truncated>
		<difficult>0</difficult>
		<bndbox>
			<xmin>23</xmin>
			<ymin>88</ymin>
			<xmax>143</xmax>
			<ymax>214</ymax>
		</bndbox>
	</object>
</annotation>
